"Team","Country","Coefficient"
"Ferencvaros","Hun",13.5000000087719
"Shkendija","Mac",9.0000000075188
"Slovan Bratislava","Svk",7.50000000657895
"Olimpija","Slo",6.75000000606061
"Dinamo Tbilisi","Geo",6.50000000564972
"Zalgiris","Lit",6.50000000561798
"Sarajevo","Bos",6.25000000555556
"Flora","Est",6.25000000552486
"Buducnost","Mne",6.00000000531915
"Omonia","Cyp",5.55000000492611
