"Team","Country","Coefficient"
"Ludogorets","Bul",28.0000000172414
"Qarabag","Aze",21.0000000144928
"Steaua","Rom",21.0000000142857
"Malmo","Swe",18.5000000113636
"Legia","Pol",16.5000000102041
"Sheriff","Mol",14.5000000092593
